Unnamed: 0,path
0,id00116
1,id00324
2,id00129
3,id00323
4,id00111
5,id00315
6,id00127
7,id00118
8,id00120
9,id00312
10,id00379
11,id00346
12,id00174
13,id00180
14,id00187
15,id00173
16,id00341
17,id00348
18,id00383
19,id00145
20,id00377
21,id00189
22,id00370
23,id00142
24,id00384
25,id00313
26,id00121
27,id00126
28,id00314
29,id00119
30,id00110
31,id00322
32,id00325
33,id00117
34,id00128
35,id00188
36,id00385
37,id00143
38,id00371
39,id00349
40,id00376
41,id00144
42,id00382
43,id00340
44,id00172
45,id00186
46,id00378
47,id00181
48,id00175
49,id00347
50,id00007
51,id00235
52,id00038
53,id00232
54,id00000
55,id00204
56,id00036
57,id00009
58,id00031
59,id00203
60,id00268
61,id00257
62,id00065
63,id00401
64,id00091
65,id00096
66,id00406
67,id00062
68,id00250
69,id00259
70,id00292
71,id00054
72,id00266
73,id00408
74,id00098
75,id00261
76,id00053
77,id00295
78,id00202
79,id00030
80,id00037
81,id00205
82,id00008
83,id00001
84,id00233
85,id00234
86,id00006
87,id00039
88,id00099
89,id00409
90,id00294
91,id00052
92,id00260
93,id00258
94,id00267
95,id00055
96,id00293
97,id00407
98,id00251
99,id00063
100,id00097
101,id00269
102,id00090
103,id00064
104,id00256
105,id00400
106,id00280
107,id00274
108,id00046
109,id00079
110,id00041
111,id00273
112,id00287
113,id00077
114,id00245
115,id00083
116,id00048
117,id00084
118,id00242
119,id00070
120,id00289
121,id00229
122,id00024
123,id00216
124,id00211
125,id00023
126,id00218
127,id00227
128,id00015
129,id00012
130,id00220
131,id00071
132,id00243
133,id00085
134,id00288
135,id00082
136,id00244
137,id00076
138,id00049
139,id00286
140,id00272
141,id00040
142,id00047
143,id00275
144,id00281
145,id00078
146,id00221
147,id00013
148,id00219
149,id00014
150,id00226
151,id00022
152,id00210
153,id00228
154,id00217
155,id00025
156,id00391
157,id00365
158,id00157
159,id00168
160,id00150
161,id00362
162,id00396
163,id00166
164,id00354
165,id00192
166,id00159
167,id00195
168,id00353
169,id00161
170,id00398
171,id00338
172,id00135
173,id00307
174,id00300
175,id00132
176,id00309
177,id00336
178,id00104
179,id00103
180,id00331
181,id00160
182,id00352
183,id00194
184,id00399
185,id00193
186,id00355
187,id00167
188,id00158
189,id00397
190,id00363
191,id00151
192,id00156
193,id00364
194,id00390
195,id00169
196,id00330
197,id00102
198,id00308
199,id00105
200,id00337
201,id00133
202,id00301
203,id00339
204,id00306
205,id00134
206,id00389
207,id00184
208,id00342
209,id00170
210,id00148
211,id00177
212,id00345
213,id00183
214,id00141
215,id00373
216,id00387
217,id00179
218,id00380
219,id00374
220,id00146
221,id00112
222,id00320
223,id00327
224,id00115
225,id00318
226,id00311
227,id00123
228,id00124
229,id00316
230,id00329
231,id00178
232,id00147
233,id00375
234,id00381
235,id00386
236,id00372
237,id00140
238,id00149
239,id00182
240,id00344
241,id00176
242,id00388
243,id00171
244,id00343
245,id00185
246,id00317
247,id00125
248,id00328
249,id00122
250,id00310
251,id00114
252,id00326
253,id00319
254,id00321
255,id00113
256,id00298
257,id00095
258,id00405
259,id00253
260,id00061
261,id00059
262,id00066
263,id00254
264,id00402
265,id00092
266,id00050
267,id00262
268,id00296
269,id00068
270,id00291
271,id00265
272,id00057
273,id00003
274,id00231
275,id00236
276,id00004
277,id00209
278,id00200
279,id00032
280,id00035
281,id00207
282,id00238
283,id00069
284,id00056
285,id00264
286,id00290
287,id00297
288,id00263
289,id00051
290,id00058
291,id00093
292,id00255
293,id00067
294,id00403
295,id00299
296,id00404
297,id00060
298,id00252
299,id00094
300,id00206
301,id00034
302,id00239
303,id00033
304,id00201
305,id00005
306,id00237
307,id00208
308,id00230
309,id00002
310,id00020
311,id00212
312,id00018
313,id00215
314,id00027
315,id00223
316,id00011
317,id00029
318,id00016
319,id00224
320,id00270
321,id00042
322,id00284
323,id00089
324,id00283
325,id00045
326,id00277
327,id00248
328,id00087
329,id00073
330,id00241
331,id00410
332,id00246
333,id00074
334,id00080
335,id00279
336,id00028
337,id00225
338,id00017
339,id00010
340,id00222
341,id00019
342,id00026
343,id00214
344,id00213
345,id00021
346,id00081
347,id00411
348,id00075
349,id00247
350,id00278
351,id00240
352,id00072
353,id00086
354,id00276
355,id00044
356,id00282
357,id00249
358,id00285